season,category,source_table,team,home_games,home_attendance,home_average,road_games,road_attendance,road_average
2026,Playoffs,2026 NBA PLAYOFFS GAME ATTENDANCE,Atlanta Hawks,3,54900,18300,3,59436,19812
2026,Playoffs,2026 NBA PLAYOFFS GAME ATTENDANCE,Boston Celtics,4,76624,19156,3,59238,19746
2026,Playoffs,2026 NBA PLAYOFFS GAME ATTENDANCE,Cleveland Cavaliers,9,174888,19432,9,179391,19932
2026,Playoffs,2026 NBA PLAYOFFS GAME ATTENDANCE,Denver Nuggets,3,59395,19798,3,56934,18978
2026,Playoffs,2026 NBA PLAYOFFS GAME ATTENDANCE,Detroit Pistons,8,160496,20062,6,115387,19231
2026,Playoffs,2026 NBA PLAYOFFS GAME ATTENDANCE,Houston Rockets,3,54165,18055,3,57171,19057
2026,Playoffs,2026 NBA PLAYOFFS GAME ATTENDANCE,Los Angeles Lakers,5,95285,19057,5,90571,18114
2026,Playoffs,2026 NBA PLAYOFFS GAME ATTENDANCE,Minnesota Timberwolves,6,113868,18978,6,116752,19459
2026,Playoffs,2026 NBA PLAYOFFS GAME ATTENDANCE,New York Knicks,9,178308,19812,10,190089,19009
2026,Playoffs,2026 NBA PLAYOFFS GAME ATTENDANCE,Oklahoma City Thunder,8,145624,18203,7,129761,18537
2026,Playoffs,2026 NBA PLAYOFFS GAME ATTENDANCE,Orlando Magic,3,57091,19030,4,80248,20062
2026,Playoffs,2026 NBA PLAYOFFS GAME ATTENDANCE,Philadelphia 76ers,5,98730,19746,6,116248,19375
2026,Playoffs,2026 NBA PLAYOFFS GAME ATTENDANCE,Phoenix Suns,2,34142,17071,2,36406,18203
2026,Playoffs,2026 NBA PLAYOFFS GAME ATTENDANCE,Portland Trail Blazers,2,40155,20078,3,57773,19258
2026,Playoffs,2026 NBA PLAYOFFS GAME ATTENDANCE,San Antonio Spurs,12,229468,19122,11,209525,19048
2026,Playoffs,2026 NBA PLAYOFFS GAME ATTENDANCE,Toronto Raptors,3,59519,19840,4,77728,19432
2026,Playoffs,2026 NBA PLAYOFFS GAME ATTENDANCE,TOTALS,85,1632658,19208,85,1632658,19208
2025-26,Regular Season,FINAL 2025-26 NBA REGULAR SEASON GAME ATTENDANCE,Atlanta Hawks,41,670581,16356,41,733755,17896
2025-26,Regular Season,FINAL 2025-26 NBA REGULAR SEASON GAME ATTENDANCE,Boston Celtics,41,785396,19156,41,753964,18389
2025-26,Regular Season,FINAL 2025-26 NBA REGULAR SEASON GAME ATTENDANCE,Brooklyn Nets,41,713896,17412,41,747699,18237
2025-26,Regular Season,FINAL 2025-26 NBA REGULAR SEASON GAME ATTENDANCE,Charlotte Hornets,41,767319,18715,41,750488,18305
2025-26,Regular Season,FINAL 2025-26 NBA REGULAR SEASON GAME ATTENDANCE,Chicago Bulls,41,829997,20244,41,739108,18027
2025-26,Regular Season,FINAL 2025-26 NBA REGULAR SEASON GAME ATTENDANCE,Cleveland Cavaliers,41,796712,19432,41,737697,17993
2025-26,Regular Season,FINAL 2025-26 NBA REGULAR SEASON GAME ATTENDANCE,Dallas Mavericks,41,790821,19288,40,716407,17910
2025-26,Regular Season,FINAL 2025-26 NBA REGULAR SEASON GAME ATTENDANCE,Denver Nuggets,41,812868,19826,41,732952,17877
2025-26,Regular Season,FINAL 2025-26 NBA REGULAR SEASON GAME ATTENDANCE,Detroit Pistons,40,786037,19651,41,755451,18426
2025-26,Regular Season,FINAL 2025-26 NBA REGULAR SEASON GAME ATTENDANCE,Golden State Warriors,41,740624,18064,41,754762,18409
2025-26,Regular Season,FINAL 2025-26 NBA REGULAR SEASON GAME ATTENDANCE,Houston Rockets,41,740378,18058,41,743224,18127
2025-26,Regular Season,FINAL 2025-26 NBA REGULAR SEASON GAME ATTENDANCE,Indiana Pacers,41,682287,16641,41,740832,18069
2025-26,Regular Season,FINAL 2025-26 NBA REGULAR SEASON GAME ATTENDANCE,Los Angeles Clippers,41,722504,17622,41,736938,17974
2025-26,Regular Season,FINAL 2025-26 NBA REGULAR SEASON GAME ATTENDANCE,Los Angeles Lakers,41,773047,18855,41,760388,18546
2025-26,Regular Season,FINAL 2025-26 NBA REGULAR SEASON GAME ATTENDANCE,Memphis Grizzlies,40,613576,15339,40,718179,17954
2025-26,Regular Season,FINAL 2025-26 NBA REGULAR SEASON GAME ATTENDANCE,Miami Heat,41,808063,19709,41,744282,18153
2025-26,Regular Season,FINAL 2025-26 NBA REGULAR SEASON GAME ATTENDANCE,Milwaukee Bucks,41,682644,16650,41,742292,18105
2025-26,Regular Season,FINAL 2025-26 NBA REGULAR SEASON GAME ATTENDANCE,Minnesota Timberwolves,41,732465,17865,41,739096,18027
2025-26,Regular Season,FINAL 2025-26 NBA REGULAR SEASON GAME ATTENDANCE,New Orleans Pelicans,41,675507,16476,41,734754,17921
2025-26,Regular Season,FINAL 2025-26 NBA REGULAR SEASON GAME ATTENDANCE,New York Knicks,40,792480,19812,41,750177,18297
2025-26,Regular Season,FINAL 2025-26 NBA REGULAR SEASON GAME ATTENDANCE,Oklahoma City Thunder,41,746323,18203,40,725956,18149
2025-26,Regular Season,FINAL 2025-26 NBA REGULAR SEASON GAME ATTENDANCE,Orlando Magic,40,738471,18462,39,717609,18400
2025-26,Regular Season,FINAL 2025-26 NBA REGULAR SEASON GAME ATTENDANCE,Philadelphia 76ers,41,778871,18997,41,746578,18209
2025-26,Regular Season,FINAL 2025-26 NBA REGULAR SEASON GAME ATTENDANCE,Phoenix Suns,41,699911,17071,41,730809,17825
2025-26,Regular Season,FINAL 2025-26 NBA REGULAR SEASON GAME ATTENDANCE,Portland Trail Blazers,41,718863,17533,41,728157,17760
2025-26,Regular Season,FINAL 2025-26 NBA REGULAR SEASON GAME ATTENDANCE,Sacramento Kings,41,661735,16140,41,729601,17795
2025-26,Regular Season,FINAL 2025-26 NBA REGULAR SEASON GAME ATTENDANCE,San Antonio Spurs,40,743129,18578,41,752912,18364
2025-26,Regular Season,FINAL 2025-26 NBA REGULAR SEASON GAME ATTENDANCE,Toronto Raptors,41,772141,18833,41,745928,18193
2025-26,Regular Season,FINAL 2025-26 NBA REGULAR SEASON GAME ATTENDANCE,Utah Jazz,41,745626,18186,41,734857,17923
2025-26,Regular Season,FINAL 2025-26 NBA REGULAR SEASON GAME ATTENDANCE,Washington Wizards,41,660376,16107,41,737796,17995
2025-26,Regular Season,FINAL 2025-26 NBA REGULAR SEASON GAME ATTENDANCE,TOTALS,1225,22182648,18108,1225,22182648,18108
2025,Playoffs,FINAL 2025 NBA PLAYOFFS ATTENDANCE,Boston Celtics,6,114936,19156,5,97476,19495
2025,Playoffs,FINAL 2025 NBA PLAYOFFS ATTENDANCE,Cleveland Cavaliers,5,97160,19432,4,73748,18437
2025,Playoffs,FINAL 2025 NBA PLAYOFFS ATTENDANCE,Denver Nuggets,7,139948,19993,7,126593,18085
2025,Playoffs,FINAL 2025 NBA PLAYOFFS ATTENDANCE,Detroit Pistons,3,60186,20062,3,59436,19812
2025,Playoffs,FINAL 2025 NBA PLAYOFFS ATTENDANCE,Golden State Warriors,5,90320,18064,7,129816,18545
2025,Playoffs,FINAL 2025 NBA PLAYOFFS ATTENDANCE,Houston Rockets,4,72220,18055,3,54192,18064
2025,Playoffs,FINAL 2025 NBA PLAYOFFS ATTENDANCE,Indiana Pacers,11,190014,17274,12,226341,18862
2025,Playoffs,FINAL 2025 NBA PLAYOFFS ATTENDANCE,Los Angeles Clippers,3,53781,17927,4,79962,19991
2025,Playoffs,FINAL 2025 NBA PLAYOFFS ATTENDANCE,Los Angeles Lakers,3,56991,18997,2,38601,19301
2025,Playoffs,FINAL 2025 NBA PLAYOFFS ATTENDANCE,Memphis Grizzlies,2,33516,16758,2,36406,18203
2025,Playoffs,FINAL 2025 NBA PLAYOFFS ATTENDANCE,Miami Heat,2,39200,19600,2,38864,19432
2025,Playoffs,FINAL 2025 NBA PLAYOFFS ATTENDANCE,Milwaukee Bucks,2,35797,17899,3,51822,17274
2025,Playoffs,FINAL 2025 NBA PLAYOFFS ATTENDANCE,Minnesota Timberwolves,7,134559,19223,8,147728,18466
2025,Playoffs,FINAL 2025 NBA PLAYOFFS ATTENDANCE,New York Knickerbockers,9,178308,19812,9,169476,18831
2025,Playoffs,FINAL 2025 NBA PLAYOFFS ATTENDANCE,Oklahoma City Thunder,13,236639,18203,10,183686,18369
2025,Playoffs,FINAL 2025 NBA PLAYOFFS ATTENDANCE,Orlando Magic,2,38040,19020,3,57468,19156
2025,Playoffs,FINAL 2025 NBA PLAYOFFS ATTENDANCE,TOTALS,84,1571615,18710,84,1571615,18710
2024-20,Regular Season,FINAL 2024-2025 NBA REGULAR SEASON GAME ATTENDANCE,Atlanta Hawks,40,657613,16440,41,742608,18112
2024-20,Regular Season,FINAL 2024-2025 NBA REGULAR SEASON GAME ATTENDANCE,Boston Celtics,41,785396,19156,41,759359,18521
2024-20,Regular Season,FINAL 2024-2025 NBA REGULAR SEASON GAME ATTENDANCE,Brooklyn Nets,41,713304,17398,41,739772,18043
2024-20,Regular Season,FINAL 2024-2025 NBA REGULAR SEASON GAME ATTENDANCE,Charlotte Hornets,41,703935,17169,41,750877,18314
2024-20,Regular Season,FINAL 2024-2025 NBA REGULAR SEASON GAME ATTENDANCE,Chicago Bulls,41,825659,20138,41,747324,18227
2024-20,Regular Season,FINAL 2024-2025 NBA REGULAR SEASON GAME ATTENDANCE,Cleveland Cavaliers,41,796712,19432,41,756117,18442
2024-20,Regular Season,FINAL 2024-2025 NBA REGULAR SEASON GAME ATTENDANCE,Dallas Mavericks,40,803174,20079,42,759109,18074
2024-20,Regular Season,FINAL 2024-2025 NBA REGULAR SEASON GAME ATTENDANCE,Denver Nuggets,41,811211,19786,41,741843,18094
2024-20,Regular Season,FINAL 2024-2025 NBA REGULAR SEASON GAME ATTENDANCE,Detroit Pistons,41,781929,19071,41,738664,18016
2024-20,Regular Season,FINAL 2024-2025 NBA REGULAR SEASON GAME ATTENDANCE,Golden State Warriors,41,740624,18064,41,761128,18564
2024-20,Regular Season,FINAL 2024-2025 NBA REGULAR SEASON GAME ATTENDANCE,Houston Rockets,41,716853,17484,40,720301,18008
2024-20,Regular Season,FINAL 2024-2025 NBA REGULAR SEASON GAME ATTENDANCE,Indiana Pacers,40,669499,16737,40,712613,17815
2024-20,Regular Season,FINAL 2024-2025 NBA REGULAR SEASON GAME ATTENDANCE,Los Angeles Clippers,41,679220,16566,41,746326,18203
2024-20,Regular Season,FINAL 2024-2025 NBA REGULAR SEASON GAME ATTENDANCE,Los Angeles Lakers,41,767626,18723,41,770647,18796
2024-20,Regular Season,FINAL 2024-2025 NBA REGULAR SEASON GAME ATTENDANCE,Memphis Grizzlies,41,683067,16660,41,743396,18132
2024-20,Regular Season,FINAL 2024-2025 NBA REGULAR SEASON GAME ATTENDANCE,Miami Heat,41,808337,19716,40,725899,18147
2024-20,Regular Season,FINAL 2024-2025 NBA REGULAR SEASON GAME ATTENDANCE,Milwaukee Bucks,41,714901,17437,40,734310,18358
2024-20,Regular Season,FINAL 2024-2025 NBA REGULAR SEASON GAME ATTENDANCE,Minnesota Timberwolves,41,772249,18835,41,744788,18166
2024-20,Regular Season,FINAL 2024-2025 NBA REGULAR SEASON GAME ATTENDANCE,New Orleans Pelicans,41,689400,16815,41,736093,17953
2024-20,Regular Season,FINAL 2024-2025 NBA REGULAR SEASON GAME ATTENDANCE,New York Knickerbockers,41,811794,19800,41,757088,18466
2024-20,Regular Season,FINAL 2024-2025 NBA REGULAR SEASON GAME ATTENDANCE,Oklahoma City Thunder,41,736895,17973,40,730217,18255
2024-20,Regular Season,FINAL 2024-2025 NBA REGULAR SEASON GAME ATTENDANCE,Orlando Magic,41,762121,18588,41,738221,18005
2024-20,Regular Season,FINAL 2024-2025 NBA REGULAR SEASON GAME ATTENDANCE,Philadelphia 76ers,41,813621,19844,41,732808,17873
2024-20,Regular Season,FINAL 2024-2025 NBA REGULAR SEASON GAME ATTENDANCE,Phoenix Suns,41,699911,17071,41,742767,18116
2024-20,Regular Season,FINAL 2024-2025 NBA REGULAR SEASON GAME ATTENDANCE,Portland Trail Blazers,41,719369,17546,41,730070,17807
2024-20,Regular Season,FINAL 2024-2025 NBA REGULAR SEASON GAME ATTENDANCE,Sacramento Kings,41,696409,16986,41,735306,17934
2024-20,Regular Season,FINAL 2024-2025 NBA REGULAR SEASON GAME ATTENDANCE,San Antonio Spurs,40,715765,17894,40,727613,18190
2024-20,Regular Season,FINAL 2024-2025 NBA REGULAR SEASON GAME ATTENDANCE,Toronto Raptors,41,768573,18746,41,739242,18030
2024-20,Regular Season,FINAL 2024-2025 NBA REGULAR SEASON GAME ATTENDANCE,Utah Jazz,41,745175,18175,41,725614,17698
2024-20,Regular Season,FINAL 2024-2025 NBA REGULAR SEASON GAME ATTENDANCE,Washington Wizards,40,643363,16084,41,743585,18136
2024-20,Regular Season,FINAL 2024-2025 NBA REGULAR SEASON GAME ATTENDANCE,TOTALS,1225,22233705,18150,1225,22233705,18150
2023-20,Regular Season,FINAL 2023-2024 NBA REGULAR SEASON GAME ATTENDANCE,Atlanta Hawks,41,696418,16986,41,736876,17973
2023-20,Regular Season,FINAL 2023-2024 NBA REGULAR SEASON GAME ATTENDANCE,Boston Celtics,41,727928,17754,41,768463,18743
2023-20,Regular Season,FINAL 2023-2024 NBA REGULAR SEASON GAME ATTENDANCE,Brooklyn Nets,41,720291,17568,41,744434,18157
2023-20,Regular Season,FINAL 2023-2024 NBA REGULAR SEASON GAME ATTENDANCE,Charlotte Hornets,41,674400,16449,41,749008,18268
2023-20,Regular Season,FINAL 2023-2024 NBA REGULAR SEASON GAME ATTENDANCE,Chicago Bulls,41,845620,20625,41,753539,18379
2023-20,Regular Season,FINAL 2023-2024 NBA REGULAR SEASON GAME ATTENDANCE,Cleveland Cavaliers,41,793167,19346,41,753526,18379
2023-20,Regular Season,FINAL 2023-2024 NBA REGULAR SEASON GAME ATTENDANCE,Dallas Mavericks,41,828897,20217,41,750298,18300
2023-20,Regular Season,FINAL 2023-2024 NBA REGULAR SEASON GAME ATTENDANCE,Denver Nuggets,41,807062,19684,41,746681,18212
2023-20,Regular Season,FINAL 2023-2024 NBA REGULAR SEASON GAME ATTENDANCE,Detroit Pistons,40,726378,18159,42,769313,18317
2023-20,Regular Season,FINAL 2023-2024 NBA REGULAR SEASON GAME ATTENDANCE,Golden State Warriors,41,740624,18064,41,767520,18720
2023-20,Regular Season,FINAL 2023-2024 NBA REGULAR SEASON GAME ATTENDANCE,Houston Rockets,41,720045,17562,41,744998,18171
2023-20,Regular Season,FINAL 2023-2024 NBA REGULAR SEASON GAME ATTENDANCE,Indiana Pacers,41,677554,16526,41,753598,18380
2023-20,Regular Season,FINAL 2023-2024 NBA REGULAR SEASON GAME ATTENDANCE,Los Angeles Clippers,41,776782,18946,41,755688,18431
2023-20,Regular Season,FINAL 2023-2024 NBA REGULAR SEASON GAME ATTENDANCE,Los Angeles Lakers,42,793945,18903,40,746940,18674
2023-20,Regular Season,FINAL 2023-2024 NBA REGULAR SEASON GAME ATTENDANCE,Memphis Grizzlies,41,681875,16631,41,745472,18182
2023-20,Regular Season,FINAL 2023-2024 NBA REGULAR SEASON GAME ATTENDANCE,Miami Heat,41,809743,19750,41,754080,18392
2023-20,Regular Season,FINAL 2023-2024 NBA REGULAR SEASON GAME ATTENDANCE,Milwaukee Bucks,42,740885,17640,40,746566,18664
2023-20,Regular Season,FINAL 2023-2024 NBA REGULAR SEASON GAME ATTENDANCE,Minnesota Timberwolves,41,738984,18024,41,745608,18186
2023-20,Regular Season,FINAL 2023-2024 NBA REGULAR SEASON GAME ATTENDANCE,New Orleans Pelicans,40,692054,17301,42,764108,18193
2023-20,Regular Season,FINAL 2023-2024 NBA REGULAR SEASON GAME ATTENDANCE,New York Knickerbockers,41,808885,19729,41,763424,18620
2023-20,Regular Season,FINAL 2023-2024 NBA REGULAR SEASON GAME ATTENDANCE,Oklahoma City Thunder,41,715509,17451,41,754579,18404
2023-20,Regular Season,FINAL 2023-2024 NBA REGULAR SEASON GAME ATTENDANCE,Orlando Magic,41,773939,18877,41,742331,18106
2023-20,Regular Season,FINAL 2023-2024 NBA REGULAR SEASON GAME ATTENDANCE,Philadelphia 76ers,41,821714,20042,41,754223,18396
2023-20,Regular Season,FINAL 2023-2024 NBA REGULAR SEASON GAME ATTENDANCE,Phoenix Suns,41,699911,17071,41,761873,18582
2023-20,Regular Season,FINAL 2023-2024 NBA REGULAR SEASON GAME ATTENDANCE,Portland Trail Blazers,41,751395,18327,41,718320,17520
2023-20,Regular Season,FINAL 2023-2024 NBA REGULAR SEASON GAME ATTENDANCE,Sacramento Kings,41,735015,17927,41,715627,17454
2023-20,Regular Season,FINAL 2023-2024 NBA REGULAR SEASON GAME ATTENDANCE,San Antonio Spurs,41,742522,18110,41,753831,18386
2023-20,Regular Season,FINAL 2023-2024 NBA REGULAR SEASON GAME ATTENDANCE,Toronto Raptors,41,800129,19515,41,737743,17994
2023-20,Regular Season,FINAL 2023-2024 NBA REGULAR SEASON GAME ATTENDANCE,Utah Jazz,41,728240,17762,41,737445,17986
2023-20,Regular Season,FINAL 2023-2024 NBA REGULAR SEASON GAME ATTENDANCE,Washington Wizards,41,692851,16899,41,726650,17723
2023-20,Regular Season,FINAL 2023-2024 NBA REGULAR SEASON GAME ATTENDANCE,TOTALS,1230,22462762,18262,1230,22462762,18262
2022-23,Regular Season,FINAL 2022-23 NBA REGULAR SEASON GAME ATTENDANCE,Atlanta Hawks,41,719787,17556,41,740177,18053
2022-23,Regular Season,FINAL 2022-23 NBA REGULAR SEASON GAME ATTENDANCE,Boston Celtics,41,785396,19156,41,772066,18831
2022-23,Regular Season,FINAL 2022-23 NBA REGULAR SEASON GAME ATTENDANCE,Brooklyn Nets,41,724439,17669,41,750800,18312
2022-23,Regular Season,FINAL 2022-23 NBA REGULAR SEASON GAME ATTENDANCE,Charlotte Hornets,41,702052,17123,41,739344,18033
2022-23,Regular Season,FINAL 2022-23 NBA REGULAR SEASON GAME ATTENDANCE,Chicago Bulls,41,841632,20528,41,747996,18244
2022-23,Regular Season,FINAL 2022-23 NBA REGULAR SEASON GAME ATTENDANCE,Cleveland Cavaliers,41,796712,19432,41,741821,18093
2022-23,Regular Season,FINAL 2022-23 NBA REGULAR SEASON GAME ATTENDANCE,Dallas Mavericks,41,827282,20178,41,743677,18138
2022-23,Regular Season,FINAL 2022-23 NBA REGULAR SEASON GAME ATTENDANCE,Denver Nuggets,41,788635,19235,41,722748,17628
2022-23,Regular Season,FINAL 2022-23 NBA REGULAR SEASON GAME ATTENDANCE,Detroit Pistons,41,759715,18530,41,732509,17866
2022-23,Regular Season,FINAL 2022-23 NBA REGULAR SEASON GAME ATTENDANCE,Golden State Warriors,41,740624,18064,41,807969,19707
2022-23,Regular Season,FINAL 2022-23 NBA REGULAR SEASON GAME ATTENDANCE,Houston Rockets,41,668865,16314,41,724777,17677
2022-23,Regular Season,FINAL 2022-23 NBA REGULAR SEASON GAME ATTENDANCE,Indiana Pacers,41,641562,15648,41,733937,17901
2022-23,Regular Season,FINAL 2022-23 NBA REGULAR SEASON GAME ATTENDANCE,Los Angeles Clippers,41,720543,17574,41,722652,17626
2022-23,Regular Season,FINAL 2022-23 NBA REGULAR SEASON GAME ATTENDANCE,Los Angeles Lakers,41,763168,18614,41,769874,18777
2022-23,Regular Season,FINAL 2022-23 NBA REGULAR SEASON GAME ATTENDANCE,Memphis Grizzlies,41,707836,17264,41,744666,18163
2022-23,Regular Season,FINAL 2022-23 NBA REGULAR SEASON GAME ATTENDANCE,Miami Heat,41,807190,19688,41,753129,18369
2022-23,Regular Season,FINAL 2022-23 NBA REGULAR SEASON GAME ATTENDANCE,Milwaukee Bucks,41,718786,17531,41,750138,18296
2022-23,Regular Season,FINAL 2022-23 NBA REGULAR SEASON GAME ATTENDANCE,Minnesota Timberwolves,41,687510,16769,41,717468,17499
2022-23,Regular Season,FINAL 2022-23 NBA REGULAR SEASON GAME ATTENDANCE,New Orleans Pelicans,41,687691,16773,41,738885,18022
2022-23,Regular Season,FINAL 2022-23 NBA REGULAR SEASON GAME ATTENDANCE,New York Knickerbockers,41,795110,19393,41,757168,18468
2022-23,Regular Season,FINAL 2022-23 NBA REGULAR SEASON GAME ATTENDANCE,Oklahoma City Thunder,41,636903,15534,41,737091,17978
2022-23,Regular Season,FINAL 2022-23 NBA REGULAR SEASON GAME ATTENDANCE,Orlando Magic,41,728405,17766,41,739973,18048
2022-23,Regular Season,FINAL 2022-23 NBA REGULAR SEASON GAME ATTENDANCE,Philadelphia 76ers,41,839261,20470,41,734346,17911
2022-23,Regular Season,FINAL 2022-23 NBA REGULAR SEASON GAME ATTENDANCE,Phoenix Suns,41,699911,17071,41,750057,18294
2022-23,Regular Season,FINAL 2022-23 NBA REGULAR SEASON GAME ATTENDANCE,Portland Trail Blazers,41,767374,18716,41,729667,17797
2022-23,Regular Season,FINAL 2022-23 NBA REGULAR SEASON GAME ATTENDANCE,Sacramento Kings,41,715491,17451,41,718899,17534
2022-23,Regular Season,FINAL 2022-23 NBA REGULAR SEASON GAME ATTENDANCE,San Antonio Spurs,41,694434,16937,41,723645,17650
2022-23,Regular Season,FINAL 2022-23 NBA REGULAR SEASON GAME ATTENDANCE,Toronto Raptors,41,811261,19787,41,727994,17756
2022-23,Regular Season,FINAL 2022-23 NBA REGULAR SEASON GAME ATTENDANCE,Utah Jazz,41,746446,18206,41,733128,17881
2022-23,Regular Season,FINAL 2022-23 NBA REGULAR SEASON GAME ATTENDANCE,Washington Wizards,41,710481,17329,41,727901,17754
2022-23,Regular Season,FINAL 2022-23 NBA REGULAR SEASON GAME ATTENDANCE,TOTALS,1230,22234502,18077,1230,22234502,18077
2022,Playoffs,FINAL 2022 NBA PLAYOFF GAME ATTENDANCE,Atlanta Hawks,2,37372,18686,3,59017,19672
2022,Playoffs,FINAL 2022 NBA PLAYOFF GAME ATTENDANCE,Boston Celtics,12,229872,19156,12,223281,18607
2022,Playoffs,FINAL 2022 NBA PLAYOFF GAME ATTENDANCE,Brooklyn Nets,2,36274,18137,2,38312,19156
2022,Playoffs,FINAL 2022 NBA PLAYOFF GAME ATTENDANCE,Chicago Bulls,2,44687,22344,3,52911,17637
2022,Playoffs,FINAL 2022 NBA PLAYOFF GAME ATTENDANCE,Dallas Mavericks,8,164490,20561,10,177394,17739
2022,Playoffs,FINAL 2022 NBA PLAYOFF GAME ATTENDANCE,Denver Nuggets,2,39255,19628,3,54192,18064
2022,Playoffs,FINAL 2022 NBA PLAYOFF GAME ATTENDANCE,Golden State Warriors,12,216768,18064,10,191728,19173
2022,Playoffs,FINAL 2022 NBA PLAYOFF GAME ATTENDANCE,Memphis Grizzlies,6,106764,17794,6,113981,18997
2022,Playoffs,FINAL 2022 NBA PLAYOFF GAME ATTENDANCE,Miami Heat,10,198157,19816,8,158149,19769
2022,Playoffs,FINAL 2022 NBA PLAYOFF GAME ATTENDANCE,Milwaukee Bucks,6,105833,17639,6,121311,20219
2022,Playoffs,FINAL 2022 NBA PLAYOFF GAME ATTENDANCE,Minnesota Timberwolves,3,59789,19930,3,53382,17794
2022,Playoffs,FINAL 2022 NBA PLAYOFF GAME ATTENDANCE,New Orleans Pelicans,3,56634,18878,3,51213,17071
2022,Playoffs,FINAL 2022 NBA PLAYOFF GAME ATTENDANCE,Philadelphia 76ers,6,125410,20902,6,118647,19775
2022,Playoffs,FINAL 2022 NBA PLAYOFF GAME ATTENDANCE,Phoenix Suns,7,119497,17071,6,118798,19800
2022,Playoffs,FINAL 2022 NBA PLAYOFF GAME ATTENDANCE,Toronto Raptors,3,59400,19800,3,62101,20700
2022,Playoffs,FINAL 2022 NBA PLAYOFF GAME ATTENDANCE,Utah Jazz,3,54918,18306,3,60703,20234
2022,Playoffs,FINAL 2022 NBA PLAYOFF GAME ATTENDANCE,TOTALS,87,1655120,19024,87,1655120,19024
2021-22,Regular Season,FINAL 2021-22 NBA REGULAR SEASON ATTENDANCE,Atlanta Hawks,41,672742,16408,40,682933,17073
2021-22,Regular Season,FINAL 2021-22 NBA REGULAR SEASON ATTENDANCE,Boston Celtics,41,785396,19156,41,720930,17584
2021-22,Regular Season,FINAL 2021-22 NBA REGULAR SEASON ATTENDANCE,Brooklyn Nets,41,711539,17355,41,715726,17457
2021-22,Regular Season,FINAL 2021-22 NBA REGULAR SEASON ATTENDANCE,Charlotte Hornets,41,700755,17092,40,700136,17503
2021-22,Regular Season,FINAL 2021-22 NBA REGULAR SEASON ATTENDANCE,Chicago Bulls,41,856148,20882,40,727959,18199
2021-22,Regular Season,FINAL 2021-22 NBA REGULAR SEASON ATTENDANCE,Cleveland Cavaliers,41,758228,18493,41,702513,17134
2021-22,Regular Season,FINAL 2021-22 NBA REGULAR SEASON ATTENDANCE,Dallas Mavericks,41,809315,19739,41,700772,17092
2021-22,Regular Season,FINAL 2021-22 NBA REGULAR SEASON ATTENDANCE,Denver Nuggets,41,695262,16958,40,674599,16865
2021-22,Regular Season,FINAL 2021-22 NBA REGULAR SEASON ATTENDANCE,Detroit Pistons,41,663556,16184,41,686867,16753
2021-22,Regular Season,FINAL 2021-22 NBA REGULAR SEASON ATTENDANCE,Golden State Warriors,41,740624,18064,41,740187,18053
2021-22,Regular Season,FINAL 2021-22 NBA REGULAR SEASON ATTENDANCE,Houston Rockets,41,638977,15585,41,682872,16655
2021-22,Regular Season,FINAL 2021-22 NBA REGULAR SEASON ATTENDANCE,Indiana Pacers,41,588743,14360,41,691096,16856
2021-22,Regular Season,FINAL 2021-22 NBA REGULAR SEASON ATTENDANCE,Los Angeles Clippers,41,694005,16927,40,676414,16910
2021-22,Regular Season,FINAL 2021-22 NBA REGULAR SEASON ATTENDANCE,Los Angeles Lakers,41,764631,18650,41,745376,18180
2021-22,Regular Season,FINAL 2021-22 NBA REGULAR SEASON ATTENDANCE,Memphis Grizzlies,41,646785,15775,41,727354,17740
2021-22,Regular Season,FINAL 2021-22 NBA REGULAR SEASON ATTENDANCE,Miami Heat,41,804761,19628,40,691795,17295
2021-22,Regular Season,FINAL 2021-22 NBA REGULAR SEASON ATTENDANCE,Milwaukee Bucks,41,715581,17453,41,723931,17657
2021-22,Regular Season,FINAL 2021-22 NBA REGULAR SEASON ATTENDANCE,Minnesota Timberwolves,41,657148,16028,41,689275,16812
2021-22,Regular Season,FINAL 2021-22 NBA REGULAR SEASON ATTENDANCE,New Orleans Pelicans,41,635941,15511,39,652365,16727
2021-22,Regular Season,FINAL 2021-22 NBA REGULAR SEASON ATTENDANCE,New York Knickerbockers,41,763484,18622,40,708915,17723
2021-22,Regular Season,FINAL 2021-22 NBA REGULAR SEASON ATTENDANCE,Oklahoma City Thunder,41,610829,14898,41,682160,16638
2021-22,Regular Season,FINAL 2021-22 NBA REGULAR SEASON ATTENDANCE,Orlando Magic,41,625401,15254,41,699570,17063
2021-22,Regular Season,FINAL 2021-22 NBA REGULAR SEASON ATTENDANCE,Philadelphia 76ers,41,846867,20655,41,680178,16590
2021-22,Regular Season,FINAL 2021-22 NBA REGULAR SEASON ATTENDANCE,Phoenix Suns,41,679252,16567,40,696126,17403
2021-22,Regular Season,FINAL 2021-22 NBA REGULAR SEASON ATTENDANCE,Portland Trail Blazers,41,705608,17210,40,662399,16560
2021-22,Regular Season,FINAL 2021-22 NBA REGULAR SEASON ATTENDANCE,Sacramento Kings,40,577583,14440,41,680558,16599
2021-22,Regular Season,FINAL 2021-22 NBA REGULAR SEASON ATTENDANCE,San Antonio Spurs,41,615588,15014,40,677597,16940
2021-22,Regular Season,FINAL 2021-22 NBA REGULAR SEASON ATTENDANCE,Toronto Raptors,29,547343,18874,41,706580,17234
2021-22,Regular Season,FINAL 2021-22 NBA REGULAR SEASON ATTENDANCE,Utah Jazz,41,750546,18306,40,675938,16898
2021-22,Regular Season,FINAL 2021-22 NBA REGULAR SEASON ATTENDANCE,Washington Wizards,41,637215,15542,41,696732,16993
2021-22,Regular Season,FINAL 2021-22 NBA REGULAR SEASON ATTENDANCE,TOTALS,1217,20899853,17173,1217,20899853,17173
2019-20,Regular Season,"FINAL 2019-2020 NBA ATTENDANCE, REGULAR SEASON",Atlanta Hawks,34,545453,16043,33,586980,17787
2019-20,Regular Season,"FINAL 2019-2020 NBA ATTENDANCE, REGULAR SEASON",Boston Celtics,32,610864,19090,32,589088,18409
2019-20,Regular Season,"FINAL 2019-2020 NBA ATTENDANCE, REGULAR SEASON",Brooklyn Nets,32,524907,16403,32,573149,17911
2019-20,Regular Season,"FINAL 2019-2020 NBA ATTENDANCE, REGULAR SEASON",Charlotte Hornets,31,478591,15438,34,597193,17565
2019-20,Regular Season,"FINAL 2019-2020 NBA ATTENDANCE, REGULAR SEASON",Chicago Bulls,34,639352,18804,31,550804,17768
2019-20,Regular Season,"FINAL 2019-2020 NBA ATTENDANCE, REGULAR SEASON",Cleveland Cavaliers,36,643008,17861,29,529374,18254
2019-20,Regular Season,"FINAL 2019-2020 NBA ATTENDANCE, REGULAR SEASON",Dallas Mavericks,34,682096,20062,33,602239,18250
2019-20,Regular Season,"FINAL 2019-2020 NBA ATTENDANCE, REGULAR SEASON",Denver Nuggets,33,633153,19186,32,549221,17163
2019-20,Regular Season,"FINAL 2019-2020 NBA ATTENDANCE, REGULAR SEASON",Detroit Pistons,33,509463,15438,33,582158,17641
2019-20,Regular Season,"FINAL 2019-2020 NBA ATTENDANCE, REGULAR SEASON",Golden State Warriors,34,614176,18064,31,541077,17454
2019-20,Regular Season,"FINAL 2019-2020 NBA ATTENDANCE, REGULAR SEASON",Houston Rockets,32,578458,18077,32,578314,18072
2019-20,Regular Season,"FINAL 2019-2020 NBA ATTENDANCE, REGULAR SEASON",Indiana Pacers,32,529002,16531,33,572962,17362
2019-20,Regular Season,"FINAL 2019-2020 NBA ATTENDANCE, REGULAR SEASON",Los Angeles Clippers,32,610176,19068,32,571360,17855
2019-20,Regular Season,"FINAL 2019-2020 NBA ATTENDANCE, REGULAR SEASON",Los Angeles Lakers,31,588907,18997,32,604072,18877
2019-20,Regular Season,"FINAL 2019-2020 NBA ATTENDANCE, REGULAR SEASON",Memphis Grizzlies,33,523297,15857,32,560277,17509
2019-20,Regular Season,"FINAL 2019-2020 NBA ATTENDANCE, REGULAR SEASON",Miami Heat,32,629771,19680,33,598202,18127
2019-20,Regular Season,"FINAL 2019-2020 NBA ATTENDANCE, REGULAR SEASON",Milwaukee Bucks,31,549036,17711,34,608353,17893
2019-20,Regular Season,"FINAL 2019-2020 NBA ATTENDANCE, REGULAR SEASON",Minnesota Timberwolves,32,482132,15067,32,558820,17463
2019-20,Regular Season,"FINAL 2019-2020 NBA ATTENDANCE, REGULAR SEASON",New Orleans Pelicans,32,528172,16505,32,583505,18235
2019-20,Regular Season,"FINAL 2019-2020 NBA ATTENDANCE, REGULAR SEASON",New York Knickerbockers,33,620789,18812,33,586328,17768
2019-20,Regular Season,"FINAL 2019-2020 NBA ATTENDANCE, REGULAR SEASON",Oklahoma City Thunder,33,600699,18203,31,553520,17855
2019-20,Regular Season,"FINAL 2019-2020 NBA ATTENDANCE, REGULAR SEASON",Orlando Magic,31,529870,17093,34,586273,17243
2019-20,Regular Season,"FINAL 2019-2020 NBA ATTENDANCE, REGULAR SEASON",Philadelphia 76ers,31,639491,20629,34,603996,17765
2019-20,Regular Season,"FINAL 2019-2020 NBA ATTENDANCE, REGULAR SEASON",Phoenix Suns,35,550633,15732,30,529818,17661
2019-20,Regular Season,"FINAL 2019-2020 NBA ATTENDANCE, REGULAR SEASON",Portland Trail Blazers,32,628303,19634,34,610016,17942
2019-20,Regular Season,"FINAL 2019-2020 NBA ATTENDANCE, REGULAR SEASON",Sacramento Kings,31,520663,16796,33,585417,17740
2019-20,Regular Season,"FINAL 2019-2020 NBA ATTENDANCE, REGULAR SEASON",San Antonio Spurs,30,550515,18351,33,580417,17588
2019-20,Regular Season,"FINAL 2019-2020 NBA ATTENDANCE, REGULAR SEASON",Toronto Raptors,32,633456,19796,32,569250,17789
2019-20,Regular Season,"FINAL 2019-2020 NBA ATTENDANCE, REGULAR SEASON",Utah Jazz,31,567486,18306,33,569625,17261
2019-20,Regular Season,"FINAL 2019-2020 NBA ATTENDANCE, REGULAR SEASON",Washington Wizards,32,532702,16647,32,562813,17588
2019-20,Regular Season,"FINAL 2019-2020 NBA ATTENDANCE, REGULAR SEASON",TOTALS,971,17274621,17791,971,17274621,17791
2019-20,Preseason,2019-20 FINAL NBA PRESEASON GAME ATTENDANCE,Atlanta Hawks,2,26386,13193,3,57689,19230
2019-20,Preseason,2019-20 FINAL NBA PRESEASON GAME ATTENDANCE,Boston Celtics,2,37248,18624,2,29752,14876
2019-20,Preseason,2019-20 FINAL NBA PRESEASON GAME ATTENDANCE,Brooklyn Nets,3,39886,13295,1,15992,15992
2019-20,Preseason,2019-20 FINAL NBA PRESEASON GAME ATTENDANCE,Charlotte Hornets,3,26705,8902,2,29916,14958
2019-20,Preseason,2019-20 FINAL NBA PRESEASON GAME ATTENDANCE,Chicago Bulls,3,53983,17994,2,27259,13630
2019-20,Preseason,2019-20 FINAL NBA PRESEASON GAME ATTENDANCE,Cleveland Cavaliers,2,22300,11150,2,32549,16275
2019-20,Preseason,2019-20 FINAL NBA PRESEASON GAME ATTENDANCE,Dallas Mavericks,2,32387,16194,3,38954,12985
2019-20,Preseason,2019-20 FINAL NBA PRESEASON GAME ATTENDANCE,Denver Nuggets,1,14424,14424,3,34795,11598
2019-20,Preseason,2019-20 FINAL NBA PRESEASON GAME ATTENDANCE,Detroit Pistons,3,31031,10344,2,22063,11032
2019-20,Preseason,2019-20 FINAL NBA PRESEASON GAME ATTENDANCE,Golden State Warriors,3,54192,18064,2,37994,18997
2019-20,Preseason,2019-20 FINAL NBA PRESEASON GAME ATTENDANCE,Houston Rockets,3,53851,17950,3,50313,16771
2019-20,Preseason,2019-20 FINAL NBA PRESEASON GAME ATTENDANCE,Indiana Pacers,3,25443,8481,1,4660,4660
2019-20,Preseason,2019-20 FINAL NBA PRESEASON GAME ATTENDANCE,Los Angeles Clippers,5,61580,12316,0,0,
2019-20,Preseason,2019-20 FINAL NBA PRESEASON GAME ATTENDANCE,Los Angeles Lakers,3,53986,17995,3,53524,17841
2019-20,Preseason,2019-20 FINAL NBA PRESEASON GAME ATTENDANCE,Memphis Grizzlies,3,32066,10689,2,13664,6832
2019-20,Preseason,2019-20 FINAL NBA PRESEASON GAME ATTENDANCE,Miami Heat,3,58800,19600,2,25671,12836
2019-20,Preseason,2019-20 FINAL NBA PRESEASON GAME ATTENDANCE,Milwaukee Bucks,2,30063,15032,3,44334,14778
2019-20,Preseason,2019-20 FINAL NBA PRESEASON GAME ATTENDANCE,Minnesota Timberwolves,1,8703,8703,4,51767,12942
2019-20,Preseason,2019-20 FINAL NBA PRESEASON GAME ATTENDANCE,New Orleans Pelicans,1,17954,17954,4,66024,16506
2019-20,Preseason,2019-20 FINAL NBA PRESEASON GAME ATTENDANCE,New York Knickerbockers,3,59436,19812,1,9420,9420
2019-20,Preseason,2019-20 FINAL NBA PRESEASON GAME ATTENDANCE,Oklahoma City Thunder,3,28055,9352,1,15305,15305
2019-20,Preseason,2019-20 FINAL NBA PRESEASON GAME ATTENDANCE,Orlando Magic,3,51322,17107,3,32479,10826
2019-20,Preseason,2019-20 FINAL NBA PRESEASON GAME ATTENDANCE,Philadelphia 76ers,3,43071,14357,2,27256,13628
2019-20,Preseason,2019-20 FINAL NBA PRESEASON GAME ATTENDANCE,Phoenix Suns,2,15668,7834,2,33853,16927
2019-20,Preseason,2019-20 FINAL NBA PRESEASON GAME ATTENDANCE,Portland Trail Blazers,3,41567,13856,2,31937,15969
2019-20,Preseason,2019-20 FINAL NBA PRESEASON GAME ATTENDANCE,Sacramento Kings,3,30579,10193,2,20999,10500
2019-20,Preseason,2019-20 FINAL NBA PRESEASON GAME ATTENDANCE,San Antonio Spurs,3,38888,12963,2,36883,18442
2019-20,Preseason,2019-20 FINAL NBA PRESEASON GAME ATTENDANCE,Toronto Raptors,2,36851,18426,2,32793,16397
2019-20,Preseason,2019-20 FINAL NBA PRESEASON GAME ATTENDANCE,Utah Jazz,3,52158,17386,2,31869,15935
2019-20,Preseason,2019-20 FINAL NBA PRESEASON GAME ATTENDANCE,Washington Wizards,3,27571,9190,2,35159,17580
2019-20,Preseason,2019-20 FINAL NBA PRESEASON GAME ATTENDANCE,TOTALS,79,1106154,14002,65,944873,14537
2019,Playoffs,FINAL 2019 NBA PLAYOFFS ATTENDANCE,Boston Celtics,4,74496,18624,5,88644,17729
2019,Playoffs,FINAL 2019 NBA PLAYOFFS ATTENDANCE,Brooklyn Nets,2,35464,17732,3,61623,20541
2019,Playoffs,FINAL 2019 NBA PLAYOFFS ATTENDANCE,Denver Nuggets,8,156570,19571,6,115423,19237
2019,Playoffs,FINAL 2019 NBA PLAYOFFS ATTENDANCE,Detroit Pistons,2,40852,20426,2,35042,17521
2019,Playoffs,FINAL 2019 NBA PLAYOFFS ATTENDANCE,Golden State Warriors,11,215556,19596,11,211902,19264
2019,Playoffs,FINAL 2019 NBA PLAYOFFS ATTENDANCE,Houston Rockets,6,108444,18074,5,95400,19080
2019,Playoffs,FINAL 2019 NBA PLAYOFFS ATTENDANCE,Indiana Pacers,2,35846,17923,2,37248,18624
2019,Playoffs,FINAL 2019 NBA PLAYOFFS ATTENDANCE,Los Angeles Clippers,3,57204,19068,3,58788,19596
2019,Playoffs,FINAL 2019 NBA PLAYOFFS ATTENDANCE,Milwaukee Bucks,8,140139,17517,7,138738,19820
2019,Playoffs,FINAL 2019 NBA PLAYOFFS ATTENDANCE,Oklahoma City Thunder,2,36406,18203,3,60168,20056
2019,Playoffs,FINAL 2019 NBA PLAYOFFS ATTENDANCE,Orlando Magic,2,38454,19227,3,59701,19900
2019,Playoffs,FINAL 2019 NBA PLAYOFFS ATTENDANCE,Philadelphia 76ers,6,123445,20574,6,116268,19378
2019,Playoffs,FINAL 2019 NBA PLAYOFFS ATTENDANCE,Portland Trail Blazers,8,160807,20101,8,153883,19235
2019,Playoffs,FINAL 2019 NBA PLAYOFFS ATTENDANCE,San Antonio Spurs,3,55062,18354,4,78285,19571
2019,Playoffs,FINAL 2019 NBA PLAYOFFS ATTENDANCE,Toronto Raptors,13,261284,20099,11,211363,19215
2019,Playoffs,FINAL 2019 NBA PLAYOFFS ATTENDANCE,Utah Jazz,2,36612,18306,3,54165,18055
2019,Playoffs,FINAL 2019 NBA PLAYOFFS ATTENDANCE,TOTALS,82,1576641,19227,82,1576641,19227
2018-19,Regular Season,FINAL 2018-19 NBA REGULAR SEASON ATTENDANCE INFO,Atlanta Hawks,41,630440,15377,41,729237,17786
2018-19,Regular Season,FINAL 2018-19 NBA REGULAR SEASON ATTENDANCE INFO,Boston Celtics,41,763584,18624,41,765533,18672
2018-19,Regular Season,FINAL 2018-19 NBA REGULAR SEASON ATTENDANCE INFO,Brooklyn Nets,41,612597,14941,41,741515,18086
2018-19,Regular Season,FINAL 2018-19 NBA REGULAR SEASON ATTENDANCE INFO,Charlotte Hornets,41,676570,16502,41,723570,17648
2018-19,Regular Season,FINAL 2018-19 NBA REGULAR SEASON ATTENDANCE INFO,Chicago Bulls,41,823475,20085,41,730710,17822
2018-19,Regular Season,FINAL 2018-19 NBA REGULAR SEASON ATTENDANCE INFO,Cleveland Cavaliers,41,793337,19350,41,722921,17632
2018-19,Regular Season,FINAL 2018-19 NBA REGULAR SEASON ATTENDANCE INFO,Dallas Mavericks,41,820569,20014,41,741033,18074
2018-19,Regular Season,FINAL 2018-19 NBA REGULAR SEASON ATTENDANCE INFO,Denver Nuggets,41,756457,18450,41,716494,17475
2018-19,Regular Season,FINAL 2018-19 NBA REGULAR SEASON ATTENDANCE INFO,Detroit Pistons,41,675963,16487,41,730583,17819
2018-19,Regular Season,FINAL 2018-19 NBA REGULAR SEASON ATTENDANCE INFO,Golden State Warriors,41,803436,19596,41,770397,18790
2018-19,Regular Season,FINAL 2018-19 NBA REGULAR SEASON ATTENDANCE INFO,Houston Rockets,41,740392,18058,41,734766,17921
2018-19,Regular Season,FINAL 2018-19 NBA REGULAR SEASON ATTENDANCE INFO,Indiana Pacers,41,689310,16812,41,732774,17873
2018-19,Regular Season,FINAL 2018-19 NBA REGULAR SEASON ATTENDANCE INFO,Los Angeles Clippers,41,710327,17325,41,706573,17233
2018-19,Regular Season,FINAL 2018-19 NBA REGULAR SEASON ATTENDANCE INFO,Los Angeles Lakers,41,778877,18997,41,773355,18862
2018-19,Regular Season,FINAL 2018-19 NBA REGULAR SEASON ATTENDANCE INFO,Memphis Grizzlies,41,638332,15569,41,720763,17580
2018-19,Regular Season,FINAL 2018-19 NBA REGULAR SEASON ATTENDANCE INFO,Miami Heat,41,805264,19641,41,745217,18176
2018-19,Regular Season,FINAL 2018-19 NBA REGULAR SEASON ATTENDANCE INFO,Milwaukee Bucks,41,721692,17602,41,747607,18234
2018-19,Regular Season,FINAL 2018-19 NBA REGULAR SEASON ATTENDANCE INFO,Minnesota Timberwolves,41,627543,15306,41,723775,17653
2018-19,Regular Season,FINAL 2018-19 NBA REGULAR SEASON ATTENDANCE INFO,New Orleans Pelicans,41,656183,16004,41,724356,17667
2018-19,Regular Season,FINAL 2018-19 NBA REGULAR SEASON ATTENDANCE INFO,New York Knickerbockers,41,779087,19002,41,720226,17566
2018-19,Regular Season,FINAL 2018-19 NBA REGULAR SEASON ATTENDANCE INFO,Oklahoma City Thunder,41,746350,18204,41,732517,17866
2018-19,Regular Season,FINAL 2018-19 NBA REGULAR SEASON ATTENDANCE INFO,Orlando Magic,41,720024,17562,41,724048,17660
2018-19,Regular Season,FINAL 2018-19 NBA REGULAR SEASON ATTENDANCE INFO,Philadelphia 76ers,41,838564,20453,41,733699,17895
2018-19,Regular Season,FINAL 2018-19 NBA REGULAR SEASON ATTENDANCE INFO,Phoenix Suns,41,627023,15293,41,737301,17983
2018-19,Regular Season,FINAL 2018-19 NBA REGULAR SEASON ATTENDANCE INFO,Portland Trail Blazers,41,799345,19496,41,735976,17951
2018-19,Regular Season,FINAL 2018-19 NBA REGULAR SEASON ATTENDANCE INFO,Sacramento Kings,41,700975,17097,41,705164,17199
2018-19,Regular Season,FINAL 2018-19 NBA REGULAR SEASON ATTENDANCE INFO,San Antonio Spurs,41,750616,18308,41,712647,17382
2018-19,Regular Season,FINAL 2018-19 NBA REGULAR SEASON ATTENDANCE INFO,Toronto Raptors,41,812822,19825,41,747839,18240
2018-19,Regular Season,FINAL 2018-19 NBA REGULAR SEASON ATTENDANCE INFO,Utah Jazz,41,732240,17860,41,718204,17517
2018-19,Regular Season,FINAL 2018-19 NBA REGULAR SEASON ATTENDANCE INFO,Washington Wizards,41,716996,17488,41,717896,17510
2018-19,Regular Season,FINAL 2018-19 NBA REGULAR SEASON ATTENDANCE INFO,TOTALS,1230,21948390,17844,1230,21966696,17859
2017-18,Regular Season,FINAL 2017-18 NBA REGULAR SEASON ATTENDANCE,Atlanta Hawks,41,590769,14409,41,729839,17801
2017-18,Regular Season,FINAL 2017-18 NBA REGULAR SEASON ATTENDANCE,Boston Celtics,41,763584,18624,41,760822,18557
2017-18,Regular Season,FINAL 2017-18 NBA REGULAR SEASON ATTENDANCE,Brooklyn Nets,41,639510,15598,41,725099,17685
2017-18,Regular Season,FINAL 2017-18 NBA REGULAR SEASON ATTENDANCE,Charlotte Hornets,41,671404,16376,41,722558,17623
2017-18,Regular Season,FINAL 2017-18 NBA REGULAR SEASON ATTENDANCE,Chicago Bulls,41,851824,20776,41,739242,18030
2017-18,Regular Season,FINAL 2017-18 NBA REGULAR SEASON ATTENDANCE,Cleveland Cavaliers,41,843042,20562,41,781477,19060
2017-18,Regular Season,FINAL 2017-18 NBA REGULAR SEASON ATTENDANCE,Dallas Mavericks,41,811453,19792,41,712566,17380
2017-18,Regular Season,FINAL 2017-18 NBA REGULAR SEASON ATTENDANCE,Denver Nuggets,41,702796,17141,41,732712,17871
2017-18,Regular Season,FINAL 2017-18 NBA REGULAR SEASON ATTENDANCE,Detroit Pistons,41,713945,17413,41,736330,17959
2017-18,Regular Season,FINAL 2017-18 NBA REGULAR SEASON ATTENDANCE,Golden State Warriors,41,803436,19596,41,774248,18884
2017-18,Regular Season,FINAL 2017-18 NBA REGULAR SEASON ATTENDANCE,Houston Rockets,41,732722,17871,41,753134,18369
2017-18,Regular Season,FINAL 2017-18 NBA REGULAR SEASON ATTENDANCE,Indiana Pacers,41,658119,16052,41,727547,17745
2017-18,Regular Season,FINAL 2017-18 NBA REGULAR SEASON ATTENDANCE,Los Angeles Clippers,41,697812,17020,41,729030,17781
2017-18,Regular Season,FINAL 2017-18 NBA REGULAR SEASON ATTENDANCE,Los Angeles Lakers,41,776328,18935,41,766568,18697
2017-18,Regular Season,FINAL 2017-18 NBA REGULAR SEASON ATTENDANCE,Memphis Grizzlies,41,653863,15948,41,711289,17349
2017-18,Regular Season,FINAL 2017-18 NBA REGULAR SEASON ATTENDANCE,Miami Heat,41,804910,19632,41,745274,18177
2017-18,Regular Season,FINAL 2017-18 NBA REGULAR SEASON ATTENDANCE,Milwaukee Bucks,41,685303,16715,41,753614,18381
2017-18,Regular Season,FINAL 2017-18 NBA REGULAR SEASON ATTENDANCE,Minnesota Timberwolves,41,699308,17056,41,731886,17851
2017-18,Regular Season,FINAL 2017-18 NBA REGULAR SEASON ATTENDANCE,New Orleans Pelicans,41,673920,16437,41,734378,17912
2017-18,Regular Season,FINAL 2017-18 NBA REGULAR SEASON ATTENDANCE,New York Knickerbockers,41,792608,19332,41,745965,18194
2017-18,Regular Season,FINAL 2017-18 NBA REGULAR SEASON ATTENDANCE,Oklahoma City Thunder,41,746323,18203,41,773542,18867
2017-18,Regular Season,FINAL 2017-18 NBA REGULAR SEASON ATTENDANCE,Orlando Magic,41,734531,17915,41,723704,17651
2017-18,Regular Season,FINAL 2017-18 NBA REGULAR SEASON ATTENDANCE,Philadelphia 76ers,41,833503,20329,41,737198,17980
2017-18,Regular Season,FINAL 2017-18 NBA REGULAR SEASON ATTENDANCE,Phoenix Suns,41,690576,16843,41,722045,17611
2017-18,Regular Season,FINAL 2017-18 NBA REGULAR SEASON ATTENDANCE,Portland Trail Blazers,41,795328,19398,41,719823,17557
2017-18,Regular Season,FINAL 2017-18 NBA REGULAR SEASON ATTENDANCE,Sacramento Kings,41,719903,17559,41,716618,17478
2017-18,Regular Season,FINAL 2017-18 NBA REGULAR SEASON ATTENDANCE,San Antonio Spurs,41,754562,18404,41,755528,18428
2017-18,Regular Season,FINAL 2017-18 NBA REGULAR SEASON ATTENDANCE,Toronto Raptors,41,813431,19840,41,724603,17673
2017-18,Regular Season,FINAL 2017-18 NBA REGULAR SEASON ATTENDANCE,Utah Jazz,41,734806,17922,41,717311,17495
2017-18,Regular Season,FINAL 2017-18 NBA REGULAR SEASON ATTENDANCE,Washington Wizards,41,739302,18032,41,724971,17682
2017-18,Regular Season,FINAL 2017-18 NBA REGULAR SEASON ATTENDANCE,TOTALS,1230,22128921,17991,1230,22128921,17991
2016-17,Regular Season,FINAL 2016-17 NBA REGULAR SEASON ATTENDANCE INFO,Atlanta Hawks,41,654306,15959,41,730479,17817
2016-17,Regular Season,FINAL 2016-17 NBA REGULAR SEASON ATTENDANCE INFO,Boston Celtics,41,760690,18553,41,750843,18313
2016-17,Regular Season,FINAL 2016-17 NBA REGULAR SEASON ATTENDANCE INFO,Brooklyn Nets,41,632608,15429,41,727958,17755
2016-17,Regular Season,FINAL 2016-17 NBA REGULAR SEASON ATTENDANCE INFO,Charlotte Hornets,41,710643,17333,41,720119,17564
2016-17,Regular Season,FINAL 2016-17 NBA REGULAR SEASON ATTENDANCE INFO,Chicago Bulls,41,888882,21680,41,739359,18033
2016-17,Regular Season,FINAL 2016-17 NBA REGULAR SEASON ATTENDANCE INFO,Cleveland Cavaliers,41,843042,20562,41,779880,19021
2016-17,Regular Season,FINAL 2016-17 NBA REGULAR SEASON ATTENDANCE INFO,Dallas Mavericks,41,811366,19789,41,718291,17519
2016-17,Regular Season,FINAL 2016-17 NBA REGULAR SEASON ATTENDANCE INFO,Denver Nuggets,41,605585,14770,41,714236,17420
2016-17,Regular Season,FINAL 2016-17 NBA REGULAR SEASON ATTENDANCE INFO,Detroit Pistons,41,655141,15979,41,725680,17700
2016-17,Regular Season,FINAL 2016-17 NBA REGULAR SEASON ATTENDANCE INFO,Golden State Warriors,41,803436,19596,41,779621,19015
2016-17,Regular Season,FINAL 2016-17 NBA REGULAR SEASON ATTENDANCE INFO,Houston Rockets,41,695903,16973,41,743761,18141
2016-17,Regular Season,FINAL 2016-17 NBA REGULAR SEASON ATTENDANCE INFO,Indiana Pacers,41,684578,16697,41,731786,17848
2016-17,Regular Season,FINAL 2016-17 NBA REGULAR SEASON ATTENDANCE INFO,Los Angeles Clippers,41,782609,19088,41,733478,17890
2016-17,Regular Season,FINAL 2016-17 NBA REGULAR SEASON ATTENDANCE INFO,Los Angeles Lakers,41,776917,18949,41,745860,18192
2016-17,Regular Season,FINAL 2016-17 NBA REGULAR SEASON ATTENDANCE INFO,Memphis Grizzlies,41,677314,16520,41,723881,17656
2016-17,Regular Season,FINAL 2016-17 NBA REGULAR SEASON ATTENDANCE INFO,Miami Heat,41,805400,19644,41,730566,17819
2016-17,Regular Season,FINAL 2016-17 NBA REGULAR SEASON ATTENDANCE INFO,Milwaukee Bucks,41,648952,15828,41,735056,17928
2016-17,Regular Season,FINAL 2016-17 NBA REGULAR SEASON ATTENDANCE INFO,Minnesota Timberwolves,41,607203,14810,41,742174,18102
2016-17,Regular Season,FINAL 2016-17 NBA REGULAR SEASON ATTENDANCE INFO,New Orleans Pelicans,41,663099,16173,41,740577,18063
2016-17,Regular Season,FINAL 2016-17 NBA REGULAR SEASON ATTENDANCE INFO,New York Knickerbockers,41,810741,19774,41,735028,17928
2016-17,Regular Season,FINAL 2016-17 NBA REGULAR SEASON ATTENDANCE INFO,Oklahoma City Thunder,41,746323,18203,41,753331,18374
2016-17,Regular Season,FINAL 2016-17 NBA REGULAR SEASON ATTENDANCE INFO,Orlando Magic,41,727875,17753,41,710690,17334
2016-17,Regular Season,FINAL 2016-17 NBA REGULAR SEASON ATTENDANCE INFO,Philadelphia 76ers,41,710557,17331,41,705569,17209
2016-17,Regular Season,FINAL 2016-17 NBA REGULAR SEASON ATTENDANCE INFO,Phoenix Suns,41,708639,17284,41,722367,17619
2016-17,Regular Season,FINAL 2016-17 NBA REGULAR SEASON ATTENDANCE INFO,Portland Trail Blazers,41,792029,19318,41,719788,17556
2016-17,Regular Season,FINAL 2016-17 NBA REGULAR SEASON ATTENDANCE INFO,Sacramento Kings,41,721928,17608,41,717065,17489
2016-17,Regular Season,FINAL 2016-17 NBA REGULAR SEASON ATTENDANCE INFO,San Antonio Spurs,41,755347,18423,41,743388,18131
2016-17,Regular Season,FINAL 2016-17 NBA REGULAR SEASON ATTENDANCE INFO,Toronto Raptors,41,813050,19830,41,734953,17926
2016-17,Regular Season,FINAL 2016-17 NBA REGULAR SEASON ATTENDANCE INFO,Utah Jazz,41,806142,19662,41,705701,17212
2016-17,Regular Season,FINAL 2016-17 NBA REGULAR SEASON ATTENDANCE INFO,Washington Wizards,41,697107,17003,41,735927,17949
2016-17,Regular Season,FINAL 2016-17 NBA REGULAR SEASON ATTENDANCE INFO,TOTALS,1230,21997412,17884,1230,21997412,17884
2015-16,Regular Season,FINAL 2015-16 NBA SEASON ATTENDANCE,Atlanta Hawks,41,690150,16833,41,722066,17611
2015-16,Regular Season,FINAL 2015-16 NBA SEASON ATTENDANCE,Boston Celtics,41,749076,18270,41,715023,17440
2015-16,Regular Season,FINAL 2015-16 NBA SEASON ATTENDANCE,Brooklyn Nets,41,620142,15125,41,742352,18106
2015-16,Regular Season,FINAL 2015-16 NBA SEASON ATTENDANCE,Charlotte Hornets,41,716894,17485,41,729157,17784
2015-16,Regular Season,FINAL 2015-16 NBA SEASON ATTENDANCE,Chicago Bulls,41,894659,21821,41,744400,18156
2015-16,Regular Season,FINAL 2015-16 NBA SEASON ATTENDANCE,Cleveland Cavaliers,41,843042,20562,41,775317,18910
2015-16,Regular Season,FINAL 2015-16 NBA SEASON ATTENDANCE,Dallas Mavericks,41,825901,20144,41,726812,17727
2015-16,Regular Season,FINAL 2015-16 NBA SEASON ATTENDANCE,Denver Nuggets,41,577898,14095,41,729120,17783
2015-16,Regular Season,FINAL 2015-16 NBA SEASON ATTENDANCE,Detroit Pistons,41,677138,16516,41,730383,17814
2015-16,Regular Season,FINAL 2015-16 NBA SEASON ATTENDANCE,Golden State Warriors,41,803436,19596,41,784499,19134
2015-16,Regular Season,FINAL 2015-16 NBA SEASON ATTENDANCE,Houston Rockets,41,737244,17982,41,727368,17741
2015-16,Regular Season,FINAL 2015-16 NBA SEASON ATTENDANCE,Indiana Pacers,41,690733,16847,41,731930,17852
2015-16,Regular Season,FINAL 2015-16 NBA SEASON ATTENDANCE,Los Angeles Clippers,41,786910,19193,41,729503,17793
2015-16,Regular Season,FINAL 2015-16 NBA SEASON ATTENDANCE,Los Angeles Lakers,41,778877,18997,41,785143,19150
2015-16,Regular Season,FINAL 2015-16 NBA SEASON ATTENDANCE,Memphis Grizzlies,41,701894,17119,41,721186,17590
2015-16,Regular Season,FINAL 2015-16 NBA SEASON ATTENDANCE,Miami Heat,41,809350,19740,41,739821,18044
2015-16,Regular Season,FINAL 2015-16 NBA SEASON ATTENDANCE,Milwaukee Bucks,41,621808,15166,41,722548,17623
2015-16,Regular Season,FINAL 2015-16 NBA SEASON ATTENDANCE,Minnesota Timberwolves,41,581178,14175,41,731110,17832
2015-16,Regular Season,FINAL 2015-16 NBA SEASON ATTENDANCE,New Orleans Pelicans,41,688549,16794,41,731893,17851
2015-16,Regular Season,FINAL 2015-16 NBA SEASON ATTENDANCE,New York Knickerbockers,41,812292,19812,41,756070,18441
2015-16,Regular Season,FINAL 2015-16 NBA SEASON ATTENDANCE,Oklahoma City Thunder,41,746323,18203,41,748617,18259
2015-16,Regular Season,FINAL 2015-16 NBA SEASON ATTENDANCE,Orlando Magic,41,719275,17543,41,704188,17175
2015-16,Regular Season,FINAL 2015-16 NBA SEASON ATTENDANCE,Philadelphia 76ers,41,610121,14881,41,717170,17492
2015-16,Regular Season,FINAL 2015-16 NBA SEASON ATTENDANCE,Phoenix Suns,41,701405,17107,41,709412,17303
2015-16,Regular Season,FINAL 2015-16 NBA SEASON ATTENDANCE,Portland Trail Blazers,41,794085,19368,41,725852,17704
2015-16,Regular Season,FINAL 2015-16 NBA SEASON ATTENDANCE,Sacramento Kings,41,707526,17257,41,711569,17355
2015-16,Regular Season,FINAL 2015-16 NBA SEASON ATTENDANCE,San Antonio Spurs,41,756445,18450,41,735470,17938
2015-16,Regular Season,FINAL 2015-16 NBA SEASON ATTENDANCE,Toronto Raptors,41,812863,19826,41,703668,17163
2015-16,Regular Season,FINAL 2015-16 NBA SEASON ATTENDANCE,Utah Jazz,41,791489,19305,41,712518,17378
2015-16,Regular Season,FINAL 2015-16 NBA SEASON ATTENDANCE,Washington Wizards,41,725426,17693,41,729274,17787
2015-16,Regular Season,FINAL 2015-16 NBA SEASON ATTENDANCE,TOTALS,1230,21972129,17864,1230,21973439,17865
2014-15,Regular Season,FINAL 2014-15 REGULAR SEASON NBA ATTENDANCE DATA,Atlanta Hawks,41,713909,17412,41,720873,17582
2014-15,Regular Season,FINAL 2014-15 REGULAR SEASON NBA ATTENDANCE DATA,Boston Celtics,41,721350,17594,41,727404,17742
2014-15,Regular Season,FINAL 2014-15 REGULAR SEASON NBA ATTENDANCE DATA,Brooklyn Nets,41,698529,17037,41,739614,18039
2014-15,Regular Season,FINAL 2014-15 REGULAR SEASON NBA ATTENDANCE DATA,Charlotte Hornets,41,704886,17192,41,723833,17654
2014-15,Regular Season,FINAL 2014-15 REGULAR SEASON NBA ATTENDANCE DATA,Chicago Bulls,41,896525,21866,41,754592,18405
2014-15,Regular Season,FINAL 2014-15 REGULAR SEASON NBA ATTENDANCE DATA,Cleveland Cavaliers,41,843042,20562,41,775537,18916
2014-15,Regular Season,FINAL 2014-15 REGULAR SEASON NBA ATTENDANCE DATA,Dallas Mavericks,41,827702,20188,41,723792,17653
2014-15,Regular Season,FINAL 2014-15 REGULAR SEASON NBA ATTENDANCE DATA,Denver Nuggets,41,602707,14700,41,714593,17429
2014-15,Regular Season,FINAL 2014-15 REGULAR SEASON NBA ATTENDANCE DATA,Detroit Pistons,41,625917,15266,41,732519,17866
2014-15,Regular Season,FINAL 2014-15 REGULAR SEASON NBA ATTENDANCE DATA,Golden State Warriors,41,803436,19596,41,750793,18312
2014-15,Regular Season,FINAL 2014-15 REGULAR SEASON NBA ATTENDANCE DATA,Houston Rockets,41,747412,18230,41,736761,17970
2014-15,Regular Season,FINAL 2014-15 REGULAR SEASON NBA ATTENDANCE DATA,Indiana Pacers,41,691434,16864,41,733593,17893
2014-15,Regular Season,FINAL 2014-15 REGULAR SEASON NBA ATTENDANCE DATA,Los Angeles Clippers,41,785892,19168,41,741245,18079
2014-15,Regular Season,FINAL 2014-15 REGULAR SEASON NBA ATTENDANCE DATA,Los Angeles Lakers,41,768244,18738,41,732881,17875
2014-15,Regular Season,FINAL 2014-15 REGULAR SEASON NBA ATTENDANCE DATA,Memphis Grizzlies,41,710502,17329,41,738717,18017
2014-15,Regular Season,FINAL 2014-15 REGULAR SEASON NBA ATTENDANCE DATA,Miami Heat,41,808223,19713,41,725609,17698
2014-15,Regular Season,FINAL 2014-15 REGULAR SEASON NBA ATTENDANCE DATA,Milwaukee Bucks,41,611226,14908,41,725841,17703
2014-15,Regular Season,FINAL 2014-15 REGULAR SEASON NBA ATTENDANCE DATA,Minnesota Timberwolves,41,595652,14528,41,738032,18001
2014-15,Regular Season,FINAL 2014-15 REGULAR SEASON NBA ATTENDANCE DATA,New Orleans Pelicans,41,683757,16677,41,723265,17641
2014-15,Regular Season,FINAL 2014-15 REGULAR SEASON NBA ATTENDANCE DATA,New York Knickerbockers,41,812292,19812,41,715966,17463
2014-15,Regular Season,FINAL 2014-15 REGULAR SEASON NBA ATTENDANCE DATA,Oklahoma City Thunder,41,746323,18203,41,736220,17957
2014-15,Regular Season,FINAL 2014-15 REGULAR SEASON NBA ATTENDANCE DATA,Orlando Magic,41,688194,16785,41,721024,17586
2014-15,Regular Season,FINAL 2014-15 REGULAR SEASON NBA ATTENDANCE DATA,Philadelphia 76ers,41,571342,13935,41,724272,17665
2014-15,Regular Season,FINAL 2014-15 REGULAR SEASON NBA ATTENDANCE DATA,Phoenix Suns,41,693862,16923,41,721033,17586
2014-15,Regular Season,FINAL 2014-15 REGULAR SEASON NBA ATTENDANCE DATA,Portland Trail Blazers,41,801377,19546,41,723952,17657
2014-15,Regular Season,FINAL 2014-15 REGULAR SEASON NBA ATTENDANCE DATA,Sacramento Kings,41,680049,16587,41,718130,17515
2014-15,Regular Season,FINAL 2014-15 REGULAR SEASON NBA ATTENDANCE DATA,San Antonio Spurs,41,762855,18606,41,736866,17972
2014-15,Regular Season,FINAL 2014-15 REGULAR SEASON NBA ATTENDANCE DATA,Toronto Raptors,41,809824,19752,41,718430,17523
2014-15,Regular Season,FINAL 2014-15 REGULAR SEASON NBA ATTENDANCE DATA,Utah Jazz,41,772059,18831,41,702545,17135
2014-15,Regular Season,FINAL 2014-15 REGULAR SEASON NBA ATTENDANCE DATA,Washington Wizards,41,747796,18239,41,748386,18253
2014-15,Regular Season,FINAL 2014-15 REGULAR SEASON NBA ATTENDANCE DATA,TOTALS,1230,21926318,17826,1230,21926318,17826
2013-14,Regular Season,FINAL 2013-14 NBA REGULAR SEASON ATTENDANCE /,Atlanta Hawks,41,587927,14340,41,708251,17274
2013-14,Regular Season,FINAL 2013-14 NBA REGULAR SEASON ATTENDANCE /,Boston Celtics,41,742040,18099,41,716876,17485
2013-14,Regular Season,FINAL 2013-14 NBA REGULAR SEASON ATTENDANCE /,Brooklyn Nets,41,707331,17252,41,718662,17528
2013-14,Regular Season,FINAL 2013-14 NBA REGULAR SEASON ATTENDANCE /,Charlotte Bobcats,41,636268,15519,41,698106,17027
2013-14,Regular Season,FINAL 2013-14 NBA REGULAR SEASON ATTENDANCE /,Chicago Bulls,41,890370,21716,41,719618,17552
2013-14,Regular Season,FINAL 2013-14 NBA REGULAR SEASON ATTENDANCE /,Cleveland Cavaliers,41,710522,17330,41,712550,17379
2013-14,Regular Season,FINAL 2013-14 NBA REGULAR SEASON ATTENDANCE /,Dallas Mavericks,41,817982,19951,41,708018,17269
2013-14,Regular Season,FINAL 2013-14 NBA REGULAR SEASON ATTENDANCE /,Denver Nuggets,41,692898,16900,41,705675,17212
2013-14,Regular Season,FINAL 2013-14 NBA REGULAR SEASON ATTENDANCE /,Detroit Pistons,41,615238,15006,41,708505,17281
2013-14,Regular Season,FINAL 2013-14 NBA REGULAR SEASON ATTENDANCE /,Golden State Warriors,41,803436,19596,41,718576,17526
2013-14,Regular Season,FINAL 2013-14 NBA REGULAR SEASON ATTENDANCE /,Houston Rockets,41,743082,18124,41,714540,17428
2013-14,Regular Season,FINAL 2013-14 NBA REGULAR SEASON ATTENDANCE /,Indiana Pacers,41,717542,17501,41,732759,17872
2013-14,Regular Season,FINAL 2013-14 NBA REGULAR SEASON ATTENDANCE /,Los Angeles Clippers,41,787692,19212,41,705964,17219
2013-14,Regular Season,FINAL 2013-14 NBA REGULAR SEASON ATTENDANCE /,Los Angeles Lakers,41,771974,18829,41,731678,17846
2013-14,Regular Season,FINAL 2013-14 NBA REGULAR SEASON ATTENDANCE /,Memphis Grizzlies,41,685458,16718,41,708043,17269
2013-14,Regular Season,FINAL 2013-14 NBA REGULAR SEASON ATTENDANCE /,Miami Heat,41,811036,19781,41,786823,19191
2013-14,Regular Season,FINAL 2013-14 NBA REGULAR SEASON ATTENDANCE /,Milwaukee Bucks,41,552067,13465,41,697562,17014
2013-14,Regular Season,FINAL 2013-14 NBA REGULAR SEASON ATTENDANCE /,Minnesota Timberwolves,41,597157,14565,41,721826,17606
2013-14,Regular Season,FINAL 2013-14 NBA REGULAR SEASON ATTENDANCE /,New Orleans Pelicans,41,672029,16391,41,713288,17397
2013-14,Regular Season,FINAL 2013-14 NBA REGULAR SEASON ATTENDANCE /,New York Knickerbockers,41,812292,19812,41,714321,17422
2013-14,Regular Season,FINAL 2013-14 NBA REGULAR SEASON ATTENDANCE /,Oklahoma City Thunder,41,746323,18203,41,744987,18170
2013-14,Regular Season,FINAL 2013-14 NBA REGULAR SEASON ATTENDANCE /,Orlando Magic,41,666046,16245,41,679941,16584
2013-14,Regular Season,FINAL 2013-14 NBA REGULAR SEASON ATTENDANCE /,Philadelphia 76ers,41,568632,13869,41,715093,17441
2013-14,Regular Season,FINAL 2013-14 NBA REGULAR SEASON ATTENDANCE /,Phoenix Suns,41,650739,15872,41,707251,17250
2013-14,Regular Season,FINAL 2013-14 NBA REGULAR SEASON ATTENDANCE /,Portland Trail Blazers,41,809602,19746,41,709822,17313
2013-14,Regular Season,FINAL 2013-14 NBA REGULAR SEASON ATTENDANCE /,Sacramento Kings,41,667949,16291,41,691240,16860
2013-14,Regular Season,FINAL 2013-14 NBA REGULAR SEASON ATTENDANCE /,San Antonio Spurs,41,755031,18415,41,721842,17606
2013-14,Regular Season,FINAL 2013-14 NBA REGULAR SEASON ATTENDANCE /,Toronto Raptors,41,748339,18252,41,684820,16703
2013-14,Regular Season,FINAL 2013-14 NBA REGULAR SEASON ATTENDANCE /,Utah Jazz,41,745203,18176,41,709125,17296
2013-14,Regular Season,FINAL 2013-14 NBA REGULAR SEASON ATTENDANCE /,Washington Wizards,41,698068,17026,41,704511,17183
2013-14,Regular Season,FINAL 2013-14 NBA REGULAR SEASON ATTENDANCE /,TOTALS,1230,21410273,17407,1230,21410273,17407
